type,state,regiment,brigade,division,corps,army,men,killed,wounded,captured,missing,total_casualties,3inch_rifles,4.5inch_rifles,10lb_parrots,12lb_howitzers,12lb_napoleons,6lb_howitzers,24lb_howitzers,20lb_parrots,12lb_whitworths,14lb_rifles,Total Guns
Infantry,Indiana,19th,Meredith,Wadsworth,Reynolds,Union,308,33,126,2,52,213,,,,,,,,,,,0
Infantry,Michigan,24th,Meredith,Wadsworth,Reynolds,Union,496,96,186,13,76,371,,,,,,,,,,,0
Infantry,Wisconsin,2nd,Meredith,Wadsworth,Reynolds,Union,302,45,135,18,42,240,,,,,,,,,,,0
Infantry,Wisconsin,6th,Meredith,Wadsworth,Reynolds,Union,344,39,110,3,22,174,,,,,,,,,,,0
Infantry,Wisconsin,7th,Meredith,Wadsworth,Reynolds,Union,364,37,102,3,43,185,,,,,,,,,,,0
Infantry,Indiana,7th,Cutler,Wadsworth,Reynolds,Union,434,2,4,0,3,9,,,,,,,,,,,0
Infantry,New York,76th,Cutler,Wadsworth,Reynolds,Union,375,53,122,6,35,216,,,,,,,,,,,0
Infantry,New York,84th_14thBrooklyn,Cutler,Wadsworth,Reynolds,Union,318,25,94,2,97,218,,,,,,,,,,,0
Infantry,New York,95th,Cutler,Wadsworth,Reynolds,Union,241,11,63,1,42,117,,,,,,,,,,,0
Infantry,New York,147th,Cutler,Wadsworth,Reynolds,Union,380,80,124,9,71,284,,,,,,,,,,,0
Infantry,Pennsylvania,56th,Cutler,Wadsworth,Reynolds,Union,252,21,52,0,56,129,,,,,,,,,,,0
Infantry,Maine,16th,Paul,Robinson,Reynolds,Union,298,25,46,13,157,241,,,,,,,,,,,0
Infantry,Massachusetts,13th,Paul,Robinson,Reynolds,Union,284,24,60,7,105,196,,,,,,,,,,,0
Infantry,New York,94th,Paul,Robinson,Reynolds,Union,411,17,38,21,164,240,,,,,,,,,,,0
Infantry,New York,104th,Paul,Robinson,Reynolds,Union,286,32,73,5,84,194,,,,,,,,,,,0
Infantry,Pennsylvania,107th,Paul,Robinson,Reynolds,Union,255,21,58,1,91,171,,,,,,,,,,,0
Infantry,Massachusetts,12th,Baxter,Robinson,Reynolds,Union,261,13,45,3,66,127,,,,,,,,,,,0
Infantry,New York,83rd_9thMilitia,Baxter,Robinson,Reynolds,Union,199,7,21,2,62,92,,,,,,,,,,,0
Infantry,New York,97th,Baxter,Robinson,Reynolds,Union,236,19,34,5,77,135,,,,,,,,,,,0
Infantry,Pennsylvania,11th,Baxter,Robinson,Reynolds,Union,270,13,62,3,58,136,,,,,,,,,,,0
Infantry,Pennsylvania,88th,Baxter,Robinson,Reynolds,Union,273,10,52,0,48,110,,,,,,,,,,,0
Infantry,Pennsylvania,90th,Baxter,Robinson,Reynolds,Union,208,12,42,0,36,90,,,,,,,,,,,0
Infantry,Pennsylvania,121st,Rowley,Doubleday,Reynolds,Union,263,29,89,5,51,174,,,,,,,,,,,0
Infantry,Pennsylvania,142nd,Rowley,Doubleday,Reynolds,Union,336,46,105,4,68,223,,,,,,,,,,,0
Infantry,Pennsylvania,151st,Rowley,Doubleday,Reynolds,Union,467,80,139,86,82,387,,,,,,,,,,,0
Infantry,New York,80th_20thMilitia,Rowley,Doubleday,Reynolds,Union,287,38,88,22,32,180,,,,,,,,,,,0
Infantry,Pennsylvania,143rd,Stone,Doubleday,Reynolds,Union,465,40,106,0,105,251,,,,,,,,,,,0
Infantry,Pennsylvania,149th,Stone,Doubleday,Reynolds,Union,450,67,181,5,59,312,,,,,,,,,,,0
Infantry,Pennsylvania,150th,Stone,Doubleday,Reynolds,Union,400,56,146,15,75,292,,,,,,,,,,,0
Infantry,Vermont,13th,Stannard,Doubleday,Reynolds,Union,636,22,85,0,24,131,,,,,,,,,,,0
Infantry,Vermont,14th,Stannard,Doubleday,Reynolds,Union,647,30,70,0,18,118,,,,,,,,,,,0
Infantry,Vermont,16th,Stannard,Doubleday,Reynolds,Union,661,25,82,0,20,127,,,,,,,,,,,0
Artillery,US,Bty_B_4th,Wainwright,Artillery_Bde,Reynolds,Union,123,4,28,1,3,36,,,,,6,,,,,,6
Artillery,Maine,Bty_B_2nd_Light,Wainwright,Artillery_Bde,Reynolds,Union,117,0,17,0,1,18,6,,,,,,,,,,6
Artillery,Maine,Bty_E_5th_Light,Wainwright,Artillery_Bde,Reynolds,Union,119,4,12,0,6,22,,,,,6,,,,,,6
Artillery,New York,Bty_EandL_1st_Light,Wainwright,Artillery_Bde,Reynolds,Union,124,2,14,0,0,16,6,,,,,,,,,,6
Artillery,Pennsylvania,Bty_B_1st_Light,Wainwright,Artillery_Bde,Reynolds,Union,106,3,9,0,0,12,4,,,,,,,,,,4
Infantry,New Hampshire,5th,Cross,Caldwell,Hancock,Union,179,33,50,0,0,83,,,,,,,,,,,0
Infantry,New York,61st,Cross,Caldwell,Hancock,Union,104,16,46,0,0,62,,,,,,,,,,,0
Infantry,Pennsylvania,81st,Cross,Caldwell,Hancock,Union,175,12,46,0,4,62,,,,,,,,,,,0
Infantry,Pennsylvania,148th,Cross,Caldwell,Hancock,Union,392,30,102,2,3,137,,,,,,,,,,,0
Infantry,Massachusetts,28th,Kelly,Caldwell,Hancock,Union,224,13,58,5,30,106,,,,,,,,,,,0
Infantry,New York,63rd,Kelly,Caldwell,Hancock,Union,75,8,8,1,5,22,,,,,,,,,,,0
Infantry,New York,69th,Kelly,Caldwell,Hancock,Union,75,4,19,1,4,28,,,,,,,,,,,0
Infantry,New York,88th,Kelly,Caldwell,Hancock,Union,90,6,17,1,4,28,,,,,,,,,,,0
Infantry,Pennsylvania,116th,Kelly,Caldwell,Hancock,Union,66,11,20,1,5,37,,,,,,,,,,,0
Infantry,New York,52nd,Zook,Caldwell,Hancock,Union,134,5,23,1,8,37,,,,,,,,,,,0
Infantry,New York,57th,Zook,Caldwell,Hancock,Union,175,5,26,3,1,35,,,,,,,,,,,0
Infantry,New York,66th,Zook,Caldwell,Hancock,Union,147,7,31,0,10,48,,,,,,,,,,,0
Infantry,Pennsylvania,140th,Zook,Caldwell,Hancock,Union,514,60,132,6,32,230,,,,,,,,,,,0
Infantry,Connecticut,27th,Brooke,Caldwell,Hancock,Union,75,21,13,2,3,39,,,,,,,,,,,0
Infantry,Delaware,2nd,Brooke,Caldwell,Hancock,Union,234,17,55,0,12,84,,,,,,,,,,,0
Infantry,New York,64th,Brooke,Caldwell,Hancock,Union,204,24,60,0,18,102,,,,,,,,,,,0
Infantry,Pennsylvania,53rd,Brooke,Caldwell,Hancock,Union,135,14,62,1,2,79,,,,,,,,,,,0
Infantry,Pennsylvania,145th,Brooke,Caldwell,Hancock,Union,202,26,52,0,7,85,,,,,,,,,,,0
Infantry,Maine,19th,Harrow,Gibbon,Hancock,Union,439,66,145,0,0,211,,,,,,,,,,,0
Infantry,Massachusetts,15th,Harrow,Gibbon,Hancock,Union,239,35,80,1,28,144,,,,,,,,,,,0
Infantry,Minnesota,1st,Harrow,Gibbon,Hancock,Union,297,75,161,1,0,237,,,,,,,,,,,0
Infantry,Minnesota,2nd_Co_sharp,Harrow,Gibbon,Hancock,Union,33,1,2,0,0,3,,,,,,,,,,,0
Infantry,New York,82nd,Harrow,Gibbon,Hancock,Union,355,58,130,1,10,199,,,,,,,,,,,0
Infantry,Pennsylvania,69th,Webb,Gibbon,Hancock,Union,284,55,73,0,16,144,,,,,,,,,,,0
Infantry,Pennsylvania,71st,Webb,Gibbon,Hancock,Union,261,25,57,1,19,102,,,,,,,,,,,0
Infantry,Pennsylvania,72nd,Webb,Gibbon,Hancock,Union,380,65,132,0,0,197,,,,,,,,,,,0
Infantry,Pennsylvania,106th,Webb,Gibbon,Hancock,Union,280,11,52,1,1,65,,,,,,,,,,,0
Infantry,Massachusetts,19th,Hall,Gibbon,Hancock,Union,163,15,65,0,1,81,,,,,,,,,,,0
Infantry,Massachusetts,20th,Hall,Gibbon,Hancock,Union,243,43,80,3,2,128,,,,,,,,,,,0
Infantry,Michigan,7th,Hall,Gibbon,Hancock,Union,165,25,42,0,0,67,,,,,,,,,,,0
Infantry,New York,42nd,Hall,Gibbon,Hancock,Union,197,28,47,1,0,76,,,,,,,,,,,0
Infantry,New York,59th,Hall,Gibbon,Hancock,Union,152,12,27,0,1,40,,,,,,,,,,,0
Infantry,Massachusetts,1st_Co_sharp,Hall,Gibbon,Hancock,Union,50,4,4,0,0,8,,,,,,,,,,,0
Infantry,Indiana,14th,Carroll,Hays,Hancock,Union,191,9,22,0,0,31,,,,,,,,,,,0
Infantry,Ohio,4th,Carroll,Hays,Hancock,Union,299,12,15,0,6,33,,,,,,,,,,,0
Infantry,Ohio,8th,Carroll,Hays,Hancock,Union,209,28,76,0,1,105,,,,,,,,,,,0
Infantry,West Virginia,7th,Carroll,Hays,Hancock,Union,234,9,34,0,1,44,,,,,,,,,,,0
Infantry,Connecticut,14th,Smyth,Hays,Hancock,Union,172,14,50,1,4,69,,,,,,,,,,,0
Infantry,Delaware,1st,Smyth,Hays,Hancock,Union,251,15,49,0,13,77,,,,,,,,,,,0
Infantry,New Jersey,12th,Smyth,Hays,Hancock,Union,444,27,81,0,9,117,,,,,,,,,,,0
Infantry,New York,108th,Smyth,Hays,Hancock,Union,200,19,90,0,0,109,,,,,,,,,,,0
Infantry,New York,39th,Willard,Hays,Hancock,Union,269,25,68,1,0,94,,,,,,,,,,,0
Infantry,New York,111th,Willard,Hays,Hancock,Union,390,100,145,1,4,250,,,,,,,,,,,0
Infantry,New York,125th,Willard,Hays,Hancock,Union,392,41,98,1,8,148,,,,,,,,,,,0
Infantry,New York,126th,Willard,Hays,Hancock,Union,455,65,162,3,4,234,,,,,,,,,,,0
Artillery,US,Bty_I_1st,Hazard,Artillery_Bde,Hancock,Union,112,5,20,0,0,25,,,,,6,,,,,,6
Artillery,US,Bty_A_4th,Hazard,Artillery_Bde,Hancock,Union,126,10,31,0,0,41,6,,,,,,,,,,6
Artillery,New York,Bty_B_1st_Light,Hazard,Artillery_Bde,Hancock,Union,117,11,15,0,0,26,,,4,,,,,,,,4
Artillery,Rhode Island,Bty_A_1st_Light,Hazard,Artillery_Bde,Hancock,Union,117,5,29,0,0,34,6,,,,,,,,,,6
Artillery,Rhode Island,Bty_B_1st_Light,Hazard,Artillery_Bde,Hancock,Union,129,7,18,0,2,27,,,,,6,,,,,,6
Infantry,Pennsylvania,57th,Graham,Birney,Sickles,Union,207,18,41,2,54,115,,,,,,,,,,,0
Infantry,Pennsylvania,63rd,Graham,Birney,Sickles,Union,246,3,29,0,3,35,,,,,,,,,,,0
Infantry,Pennsylvania,68th,Graham,Birney,Sickles,Union,320,46,94,1,10,151,,,,,,,,,,,0
Infantry,Pennsylvania,105th,Graham,Birney,Sickles,Union,274,20,106,1,4,131,,,,,,,,,,,0
Infantry,Pennsylvania,114th,Graham,Birney,Sickles,Union,259,20,74,1,54,149,,,,,,,,,,,0
Infantry,Pennsylvania,141st,Graham,Birney,Sickles,Union,209,48,91,2,12,153,,,,,,,,,,,0
Infantry,US,1st_Sharp,Ward,Birney,Sickles,Union,312,10,34,3,10,57,,,,,,,,,,,0
Infantry,US,2nd_Sharp,Ward,Birney,Sickles,Union,169,7,21,2,17,47,,,,,,,,,,,0
Infantry,Indiana,20th,Ward,Birney,Sickles,Union,401,40,98,0,22,160,,,,,,,,,,,0
Infantry,Maine,3rd,Ward,Birney,Sickles,Union,210,31,52,3,40,126,,,,,,,,,,,0
Infantry,Maine,4th,Ward,Birney,Sickles,Union,287,24,47,7,67,145,,,,,,,,,,,0
Infantry,New York,86th,Ward,Birney,Sickles,Union,287,20,44,1,5,70,,,,,,,,,,,0
Infantry,New York,124th,Ward,Birney,Sickles,Union,238,35,58,2,2,97,,,,,,,,,,,0
Infantry,Pennsylvania,99th,Ward,Birney,Sickles,Union,277,44,60,3,7,114,,,,,,,,,,,0
Infantry,Maine,17th,de Trobriand,Birney,Sickles,Union,350,41,93,1,1,136,,,,,,,,,,,0
Infantry,Michigan,3rd,de Trobriand,Birney,Sickles,Union,238,12,25,0,6,43,,,,,,,,,,,0
Infantry,Michigan,5th,de Trobriand,Birney,Sickles,Union,216,30,74,1,7,112,,,,,,,,,,,0
Infantry,New York,40th,de Trobriand,Birney,Sickles,Union,431,39,121,1,7,168,,,,,,,,,,,0
Infantry,Pennsylvania,110th,de Trobriand,Birney,Sickles,Union,152,18,34,0,0,52,,,,,,,,,,,0
Infantry,Massachusetts,1st,Carr ,Humphreys,Sickles,Union,321,35,77,0,32,144,,,,,,,,,,,0
Infantry,Massachusetts,11th,Carr ,Humphreys,Sickles,Union,286,38,91,0,17,146,,,,,,,,,,,0
Infantry,Massachusetts,16th,Carr ,Humphreys,Sickles,Union,245,20,50,1,21,92,,,,,,,,,,,0
Infantry,New Hampshire,12th,Carr ,Humphreys,Sickles,Union,224,26,60,1,19,106,,,,,,,,,,,0
Infantry,New Jersey,11th,Carr ,Humphreys,Sickles,Union,275,38,112,0,6,156,,,,,,,,,,,0
Infantry,Pennsylvania,26th,Carr ,Humphreys,Sickles,Union,365,62,146,1,6,215,,,,,,,,,,,0
Infantry,New York,70th,Brewster,Humphreys,Sickles,Union,288,42,79,0,0,121,,,,,,,,,,,0
Infantry,New York,71st,Brewster,Humphreys,Sickles,Union,243,17,66,0,9,92,,,,,,,,,,,0
Infantry,New York,72nd,Brewster,Humphreys,Sickles,Union,305,15,85,1,10,111,,,,,,,,,,,0
Infantry,New York,73rd,Brewster,Humphreys,Sickles,Union,349,59,88,1,8,156,,,,,,,,,,,0
Infantry,New York,74th,Brewster,Humphreys,Sickles,Union,266,22,68,2,0,92,,,,,,,,,,,0
Infantry,New York,120th,Brewster,Humphreys,Sickles,Union,383,49,151,0,10,210,,,,,,,,,,,0
Infantry,New Hampshire,2nd,Burling,Humphreys,Sickles,Union,354,47,104,12,30,193,,,,,,,,,,,0
Infantry,New Jersey,5th,Burling,Humphreys,Sickles,Union,206,22,59,1,11,93,,,,,,,,,,,0
Infantry,New Jersey,6th,Burling,Humphreys,Sickles,Union,207,6,29,0,6,41,,,,,,,,,,,0
Infantry,New Jersey,7th,Burling,Humphreys,Sickles,Union,275,24,78,0,12,114,,,,,,,,,,,0
Infantry,New Jersey,8th,Burling,Humphreys,Sickles,Union,170,15,31,1,1,48,,,,,,,,,,,0
Infantry,Pennsylvania,115th,Burling,Humphreys,Sickles,Union,151,6,16,0,3,25,,,,,,,,,,,0
Artillery,US,Bty_K_4th_Light,Randolph,Artillery_Bde,Sickles,Union,113,4,17,0,4,25,,,,,6,,,,,,6
Artillery,New Jersey,Bty_B_1st_Light,Randolph,Artillery_Bde,Sickles,Union,131,3,14,0,3,20,,,6,,,,,,,,6
Artillery,New York,Bty_D_1st_Light,Randolph,Artillery_Bde,Sickles,Union,116,1,9,0,8,18,,,,,6,,,,,,6
Artillery,New York,Bty_4th_ Light,Randolph,Artillery_Bde,Sickles,Union,126,2,10,0,1,13,,,6,,,,,,,,6
Artillery,Rhode Island,Bty_E_1st_Light,Randolph,Artillery_Bde,Sickles,Union,108,5,23,1,1,30,,,,,6,,,,,,6
Infantry,Massachusetts,18th,Tilton,Barnes,Sykes,Union,139,2,14,1,3,20,,,,,,,,,,,0
Infantry,Massachusetts,22nd,Tilton,Barnes,Sykes,Union,137,11,23,0,3,37,,,,,,,,,,,0
Infantry,Michigan,1st,Tilton,Barnes,Sykes,Union,145,8,33,0,6,47,,,,,,,,,,,0
Infantry,Pennsylvania,118th,Tilton,Barnes,Sykes,Union,233,6,9,0,5,20,,,,,,,,,,,0
Infantry,Massachusetts,9th,Sweitzer,Barnes,Sykes,Union,412,2,11,0,2,15,,,,,,,,,,,0
Infantry,Massachusetts,32nd,Sweitzer,Barnes,Sykes,Union,242,22,62,1,3,88,,,,,,,,,,,0
Infantry,Michigan,4th,Sweitzer,Barnes,Sykes,Union,342,43,61,7,67,178,,,,,,,,,,,0
Infantry,Pennsylvania,62nd,Sweitzer,Barnes,Sykes,Union,426,37,102,1,31,171,,,,,,,,,,,0
Infantry,Maine,20th,Vincent,Barnes,Sykes,Union,386,43,88,1,4,136,,,,,,,,,,,0
Infantry,Michigan,16th,Vincent,Barnes,Sykes,Union,263,26,32,0,4,62,,,,,,,,,,,0
Infantry,New York,44th,Vincent,Barnes,Sykes,Union,391,37,74,1,2,114,,,,,,,,,,,0
Infantry,Pennsylvania,83rd,Vincent,Barnes,Sykes,Union,295,17,35,0,0,52,,,,,,,,,,,0
Infantry,US,3rd,Day,Ayres,Sykes,Union,300,24,50,0,0,74,,,,,,,,,,,0
Infantry,US,4th,Day,Ayres,Sykes,Union,173,17,23,0,0,40,,,,,,,,,,,0
Infantry,US,6th,Day,Ayres,Sykes,Union,150,11,33,0,0,44,,,,,,,,,,,0
Infantry,US,12th,Day,Ayres,Sykes,Union,415,14,67,0,12,93,,,,,,,,,,,0
Infantry,US,14th,Day,Ayres,Sykes,Union,513,41,88,0,3,132,,,,,,,,,,,0
Infantry,US,2nd,Burbank,Ayres,Sykes,Union,197,16,48,0,4,68,,,,,,,,,,,0
Infantry,US,7th,Burbank,Ayres,Sykes,Union,116,20,31,0,2,53,,,,,,,,,,,0
Infantry,US,10th,Burbank,Ayres,Sykes,Union,93,21,26,0,3,50,,,,,,,,,,,0
Infantry,US,11th,Burbank,Ayres,Sykes,Union,286,38,76,0,8,122,,,,,,,,,,,0
Infantry,US,17th,Burbank,Ayres,Sykes,Union,260,38,107,0,6,151,,,,,,,,,,,0
Infantry,New York,140th,Weed,Ayres,Sykes,Union,453,40,76,0,1,117,,,,,,,,,,,0
Infantry,New York,146th,Weed,Ayres,Sykes,Union,460,5,18,0,0,23,,,,,,,,,,,0
Infantry,Pennsylvania,91st,Weed,Ayres,Sykes,Union,222,5,17,0,0,22,,,,,,,,,,,0
Infantry,Pennsylvania,155th,Weed,Ayres,Sykes,Union,365,6,17,0,1,24,,,,,,,,,,,0
Infantry,Pennsylvania,1st_Reserves_30th,McCandless,Crawford,Sykes,Union,382,13,32,0,0,45,,,,,,,,,,,0
Infantry,Pennsylvania,2nd_Reserves_31st,McCandless,Crawford,Sykes,Union,235,11,28,0,0,39,,,,,,,,,,,0
Infantry,Pennsylvania,6th_Reserves_35th,McCandless,Crawford,Sykes,Union,327,3,21,0,0,24,,,,,,,,,,,0
Infantry,Pennsylvania,13th_Reserves_42nd,McCandless,Crawford,Sykes,Union,301,12,43,2,2,59,,,,,,,,,,,0
Infantry,Pennsylvania,5th_Reserves_34th,Fisher,Crawford,Sykes,Union,288,0,2,1,0,3,,,,,,,,,,,0
Infantry,Pennsylvania,9th_Reserves_38th,Fisher,Crawford,Sykes,Union,325,0,5,0,0,5,,,,,,,,,,,0
Infantry,Pennsylvania,10th_Reserves_39th,Fisher,Crawford,Sykes,Union,401,2,3,0,0,5,,,,,,,,,,,0
Infantry,Pennsylvania,11th_Reserves_40th,Fisher,Crawford,Sykes,Union,327,5,37,0,0,42,,,,,,,,,,,0
Infantry,Pennsylvania,12th_Reserves_41st,Fisher,Crawford,Sykes,Union,276,1,1,1,0,3,,,,,,,,,,,0
Artillery,US,Bty_D_5th,Martin,Artillery_Bde,Sykes,Union,68,7,6,0,0,13,,,6,,,,,,,,6
Artillery,US,Bty_I_5th,Martin,Artillery_Bde,Sykes,Union,71,4,14,3,1,22,4,,,,,,,,,,4
Artillery,Massachusetts,Bty_C_Light,Martin,Artillery_Bde,Sykes,Union,115,0,6,0,0,6,,,,,6,,,,,,6
Artillery,New York,Bty_C_1st_Light,Martin,Artillery_Bde,Sykes,Union,62,0,0,0,0,0,4,,,,,,,,,,4
Artillery,Ohio,Bty_L_1st_Light,Martin,Artillery_Bde,Sykes,Union,113,0,3,0,0,3,,,,,6,,,,,,6
Infantry,New Jersey,1st,Torbert,Wright,Sedgwick,Union,292,0,0,0,0,0,,,,,,,,,,,0
Infantry,New Jersey,2nd,Torbert,Wright,Sedgwick,Union,357,1,5,0,0,6,,,,,,,,,,,0
Infantry,New Jersey,3rd,Torbert,Wright,Sedgwick,Union,295,0,2,0,0,2,,,,,,,,,,,0
Infantry,New Jersey,15th,Torbert,Wright,Sedgwick,Union,413,1,2,0,0,3,,,,,,,,,,,0
Infantry,Maine,5th,Bartlett,Wright,Sedgwick,Union,307,1,2,0,0,3,,,,,,,,,,,0
Infantry,New York,121st,Bartlett,Wright,Sedgwick,Union,429,0,13,0,0,13,,,,,,,,,,,0
Infantry,Pennsylvania,95th,Bartlett,Wright,Sedgwick,Union,323,1,2,0,0,3,,,,,,,,,,,0
Infantry,Pennsylvania,96th,Bartlett,Wright,Sedgwick,Union,323,0,3,0,0,3,,,,,,,,,,,0
Infantry,Maine,6th,Russell,Wright,Sedgwick,Union,395,0,0,0,0,0,,,,,,,,,,,0
Infantry,Pennsylvania,49th,Russell,Wright,Sedgwick,Union,289,0,0,0,0,0,,,,,,,,,,,0
Infantry,Pennsylvania,119th,Russell,Wright,Sedgwick,Union,423,0,2,0,0,2,,,,,,,,,,,0
Infantry,Wisconsin,5th,Russell,Wright,Sedgwick,Union,439,0,0,0,0,0,,,,,,,,,,,0
Infantry,Vermont,2nd,Grant,Howe,Sedgwick,Union,465,0,0,0,0,0,,,,,,,,,,,0
Infantry,Vermont,3rd,Grant,Howe,Sedgwick,Union,381,0,0,0,0,0,,,,,,,,,,,0
Infantry,Vermont,4th,Grant,Howe,Sedgwick,Union,399,1,0,0,0,0,,,,,,,,,,,0
Infantry,Vermont,5th,Grant,Howe,Sedgwick,Union,309,0,0,0,0,0,,,,,,,,,,,0
Infantry,Vermont,6th,Grant,Howe,Sedgwick,Union,346,0,0,0,0,0,,,,,,,,,,,0
Infantry,Maine,7th,Neill,Howe,Sedgwick,Union,216,3,5,0,0,8,,,,,,,,,,,0
Infantry,New York,33rd_detachment,Neill,Howe,Sedgwick,Union,79,0,0,0,0,0,,,,,,,,,,,0
Infantry,New York,43rd,Neill,Howe,Sedgwick,Union,370,3,2,2,7,16,,,,,,,,,,,0
Infantry,New York,49th,Neill,Howe,Sedgwick,Union,376,0,4,0,0,4,,,,,,,,,,,0
Infantry,New York,77th,Neill,Howe,Sedgwick,Union,385,0,0,0,0,0,,,,,,,,,,,0
Infantry,Pennsylvania,61st,Neill,Howe,Sedgwick,Union,386,0,1,1,0,2,,,,,,,,,,,0
Infantry,New York,65th,Shaler,Newton,Sedgwick,Union,290,4,8,0,0,12,,,,,,,,,,,0
Infantry,New York,67th,Shaler,Newton,Sedgwick,Union,349,0,0,0,1,1,,,,,,,,,,,0
Infantry,New York,122nd,Shaler,Newton,Sedgwick,Union,414,14,34,0,1,49,,,,,,,,,,,0
Infantry,Pennsylvania,23rd,Shaler,Newton,Sedgwick,Union,489,1,13,0,0,14,,,,,,,,,,,0
Infantry,Pennsylvania,82nd,Shaler,Newton,Sedgwick,Union,291,0,6,0,0,6,,,,,,,,,,,0
Infantry,Massachusetts,7th,Eustis,Newton,Sedgwick,Union,335,0,6,0,0,6,,,,,,,,,,,0
Infantry,Massachusetts,10th,Eustis,Newton,Sedgwick,Union,378,1,7,0,2,10,,,,,,,,,,,0
Infantry,Massachusetts,37th,Eustis,Newton,Sedgwick,Union,591,7,26,0,17,50,,,,,,,,,,,0
Infantry,Rhode Island,2nd,Eustis,Newton,Sedgwick,Union,364,1,5,0,1,7,,,,,,,,,,,0
Infantry,New York,62nd,Wheaton,Newton,Sedgwick,Union,237,2,16,0,0,18,,,,,,,,,,,0
Infantry,Pennsylvania,93rd,Wheaton,Newton,Sedgwick,Union,245,1,9,0,0,10,,,,,,,,,,,0
Infantry,Pennsylvania,98th,Wheaton,Newton,Sedgwick,Union,368,2,10,0,0,12,,,,,,,,,,,0
Infantry,Pennsylvania,102nd,Wheaton,Newton,Sedgwick,Union,103,0,0,0,0,0,,,,,,,,,,,0
Infantry,Pennsylvania,139th,Wheaton,Newton,Sedgwick,Union,464,4,17,2,0,23,,,,,,,,,,,0
Artillery,Massachusetts,Bty_A_1st_Light,Tompkins,Artillery_Bde,Sedgwick,Union,135,0,0,0,0,0,,,,,6,,,,,,6
Artillery,New York,Bty_1_Light,Tompkins,Artillery_Bde,Sedgwick,Union,103,5,7,0,0,12,6,,,,,,,,,,6
Artillery,New York,Bty_3_Light,Tompkins,Artillery_Bde,Sedgwick,Union,111,0,0,0,0,0,,,6,,,,,,,,6
Artillery,Rhode Island,Bty_C_1st_Light,Tompkins,Artillery_Bde,Sedgwick,Union,116,0,1,0,0,1,6,,,,,,,,,,6
Artillery,Rhode Island,Bty_G_1st_Light,Tompkins,Artillery_Bde,Sedgwick,Union,126,0,0,0,0,0,,,6,,,,,,,,6
Artillery,US,Bty_D_2nd,Tompkins,Artillery_Bde,Sedgwick,Union,126,0,0,0,0,0,,,,,6,,,,,,6
Artillery,US,Bty_G_2nd,Tompkins,Artillery_Bde,Sedgwick,Union,101,0,0,0,0,0,,,,,6,,,,,,6
Artillery,US,Bty_F_5th,Tompkins,Artillery_Bde,Sedgwick,Union,116,0,0,0,0,0,,,6,,,,,,,,6
Infantry,New York,41st,von Gilsa,Barlow,Howard,Union,218,22,54,0,2,78,,,,,,,,,,,0
Infantry,New York,54th,von Gilsa,Barlow,Howard,Union,189,10,43,28,20,101,,,,,,,,,,,0
Infantry,New York,68th,von Gilsa,Barlow,Howard,Union,232,14,65,21,50,150,,,,,,,,,,,0
Infantry,Pennsylvania,153rd,von Gilsa,Barlow,Howard,Union,499,63,145,56,5,269,,,,,,,,,,,0
Infantry,Connecticut,17th,Ames,Barlow,Howard,Union,386,38,69,90,0,197,,,,,,,,,,,0
Infantry,Ohio,25th,Ames,Barlow,Howard,Union,220,20,99,2,69,190,,,,,,,,,,,0
Infantry,Ohio,75th,Ames,Barlow,Howard,Union,269,37,60,63,31,191,,,,,,,,,,,0
Infantry,Ohio,107th,Ames,Barlow,Howard,Union,458,55,96,68,6,225,,,,,,,,,,,0
Infantry,New York,134th,Coster,von Steinwehr,Howard,Union,400,70,130,30,45,275,,,,,,,,,,,0
Infantry,New York,154th,Coster,von Steinwehr,Howard,Union,240,11,22,174,2,209,,,,,,,,,,,0
Infantry,Pennsylvania,27th,Coster,von Steinwehr,Howard,Union,284,17,24,19,51,111,,,,,,,,,,,0
Infantry,Pennsylvania,73rd,Coster,von Steinwehr,Howard,Union,291,8,26,0,0,34,,,,,,,,,,,0
Infantry,Massachusetts,33rd,Smith,von Steinwehr,Howard,Union,493,9,35,0,0,44,,,,,,,,,,,0
Infantry,New York,136th,Smith,von Steinwehr,Howard,Union,484,27,80,2,1,110,,,,,,,,,,,0
Infantry,Ohio,55th,Smith,von Steinwehr,Howard,Union,329,11,26,12,0,49,,,,,,,,,,,0
Infantry,Ohio,73rd,Smith,von Steinwehr,Howard,Union,338,49,82,1,2,134,,,,,,,,,,,0
Infantry,Illinois,82nd,Schimmelfennig,Schurz,Howard,Union,318,8,17,83,1,109,,,,,,,,,,,0
Infantry,New York,45th,Schimmelfennig,Schurz,Howard,Union,375,16,36,87,88,227,,,,,,,,,,,0
Infantry,New York,157th,Schimmelfennig,Schurz,Howard,Union,409,33,170,101,10,314,,,,,,,,,,,0
Infantry,Ohio,61st,Schimmelfennig,Schurz,Howard,Union,247,8,40,6,8,62,,,,,,,,,,,0
Infantry,Pennsylvania,74th,Schimmelfennig,Schurz,Howard,Union,334,16,36,4,54,110,,,,,,,,,,,0
Infantry,New York,58th,Krzyzanowski,Schurz,Howard,Union,195,4,14,2,2,22,,,,,,,,,,,0
Infantry,New York,119th,Krzyzanowski,Schurz,Howard,Union,263,60,56,19,15,150,,,,,,,,,,,0
Infantry,Ohio,82nd,Krzyzanowski,Schurz,Howard,Union,312,37,70,47,18,172,,,,,,,,,,,0
Infantry,Pennsylvania,75th,Krzyzanowski,Schurz,Howard,Union,208,33,70,9,2,114,,,,,,,,,,,0
Infantry,Wisconsin,26th,Krzyzanowski,Schurz,Howard,Union,446,59,130,50,1,240,,,,,,,,,,,0
Artillery,New York,Bty_I_1st_Light,Osborn,Artillery_Bde,Howard,Union,141,4,10,0,0,14,6,,,,,,,,,,6
Artillery,New York,Bty_13_Light,Osborn,Artillery_Bde,Howard,Union,110,0,8,0,3,11,4,,,,,,,,,,4
Artillery,Ohio,Bty_I_1st_Light,Osborn,Artillery_Bde,Howard,Union,127,6,9,0,0,15,,,,,6,,,,,,6
Artillery,Ohio,Bty_K_1st_Light,Osborn,Artillery_Bde,Howard,Union,110,5,10,0,1,16,,,,,4,,,,,,4
Artillery,US,Bty_G_4th,Osborn,Artillery_Bde,Howard,Union,115,2,11,4,0,17,,,,,6,,,,,,6
Infantry,Connecticut,5th,McDougall,Williams,Slocum,Union,221,0,3,8,0,11,,,,,,,,,,,0
Infantry,Connecticut,20th,McDougall,Williams,Slocum,Union,321,9,19,0,0,28,,,,,,,,,,,0
Infantry,Maryland,3rd,McDougall,Williams,Slocum,Union,290,1,7,0,0,8,,,,,,,,,,,0
Infantry,New York,123rd,McDougall,Williams,Slocum,Union,495,4,9,1,0,14,,,,,,,,,,,0
Infantry,New York,145th,McDougall,Williams,Slocum,Union,245,2,8,0,0,10,,,,,,,,,,,0
Infantry,Pennsylvania,46th,McDougall,Williams,Slocum,Union,262,2,8,0,1,11,,,,,,,,,,,0
Infantry,Maryland,1st_Potomac,Lockwood,Williams,Slocum,Union,674,27,78,0,1,106,,,,,,,,,,,0
Infantry,Maryland,1st_EasternShore,Lockwood,Williams,Slocum,Union,532,7,16,0,2,25,,,,,,,,,,,0
Infantry,New York,150th,Lockwood,Williams,Slocum,Union,609,8,23,1,14,46,,,,,,,,,,,0
Infantry,Indiana,27th,Ruger,Williams,Slocum,Union,339,34,105,0,0,139,,,,,,,,,,,0
Infantry,Massachusetts,2nd,Ruger,Williams,Slocum,Union,316,44,89,5,1,139,,,,,,,,,,,0
Infantry,New Jersey,13th,Ruger,Williams,Slocum,Union,347,2,19,0,0,21,,,,,,,,,,,0
Infantry,New York,107th,Ruger,Williams,Slocum,Union,319,1,2,0,0,3,,,,,,,,,,,0
Infantry,Wisconsin,3rd,Ruger,Williams,Slocum,Union,260,2,10,0,0,12,,,,,,,,,,,0
Infantry,Ohio,5th,Candy,Geary,Slocum,Union,299,6,11,0,0,17,,,,,,,,,,,0
Infantry,Ohio,7th,Candy,Geary,Slocum,Union,282,2,16,0,0,18,,,,,,,,,,,0
Infantry,Ohio,29th,Candy,Geary,Slocum,Union,315,9,30,0,0,39,,,,,,,,,,,0
Infantry,Ohio,66th,Candy,Geary,Slocum,Union,299,3,15,0,0,18,,,,,,,,,,,0
Infantry,Pennsylvania,28th,Candy,Geary,Slocum,Union,303,6,21,1,0,28,,,,,,,,,,,0
Infantry,Pennsylvania,147th,Candy,Geary,Slocum,Union,298,7,7,0,0,14,,,,,,,,,,,0
Infantry,Pennsylvania,29th,Cobham,Geary,Slocum,Union,357,19,42,2,13,76,,,,,,,,,,,0
Infantry,Pennsylvania,109th,Cobham,Geary,Slocum,Union,149,4,6,0,8,18,,,,,,,,,,,0
Infantry,Pennsylvania,111th,Cobham,Geary,Slocum,Union,191,6,17,0,1,24,,,,,,,,,,,0
Infantry,New York,60th,Greene,Geary,Slocum,Union,273,19,33,1,0,53,,,,,,,,,,,0
Infantry,New York,78th,Greene,Geary,Slocum,Union,198,7,22,2,0,31,,,,,,,,,,,0
Infantry,New York,102nd,Greene,Geary,Slocum,Union,230,7,16,1,8,32,,,,,,,,,,,0
Infantry,New York,137th,Greene,Geary,Slocum,Union,423,49,76,13,6,144,,,,,,,,,,,0
Infantry,New York,149th,Greene,Geary,Slocum,Union,297,11,32,0,0,43,,,,,,,,,,,0
Artillery,New York,Bty_M_1st_Light,Muhlenberg,Artillery_Bde,Slocum,Union,97,0,0,0,0,0,,,4,,,,,,,,4
Artillery,Pennsylvania,Bty_E_Light,Muhlenberg,Artillery_Bde,Slocum,Union,139,1,2,0,0,3,,,6,,,,,,,,6
Artillery,US,Bty_F_4th_Light,Muhlenberg,Artillery_Bde,Slocum,Union,89,0,1,0,0,1,,,,,6,,,,,,6
Artillery,US,Bty_K_5th_Light,Muhlenberg,Artillery_Bde,Slocum,Union,72,1,1,0,0,2,,,,,4,,,,,,4
Cavalry,Illinois,8th,Gamble,Buford,Pleasonton,Union,470,0,4,0,1,5,,,,,,,,,,,0
Cavalry,Illinois,12th,Gamble,Buford,Pleasonton,Union,233,8,7,0,5,20,,,,,,,,,,,0
Cavalry,Indiana,3rd,Gamble,Buford,Pleasonton,Union,313,13,14,0,5,32,,,,,,,,,,,0
Cavalry,New York,8th,Gamble,Buford,Pleasonton,Union,580,5,20,7,13,45,,,,,,,,,,,0
Artillery,US,Bty_A_2nd,Gamble,Buford,Pleasonton,Union,81,0,12,0,0,12,6,,,,,,,,,,6
Cavalry,New York,6th,Devin,Buford,Pleasonton,Union,218,2,0,1,7,10,,,,,,,,,,,0
Cavalry,New York,9th,Devin,Buford,Pleasonton,Union,367,3,1,0,4,8,,,,,,,,,,,0
Cavalry,Pennsylvania,17th,Devin,Buford,Pleasonton,Union,464,0,0,0,3,3,,,,,,,,,,,0
Cavalry,West Virginia,3rd,Devin,Buford,Pleasonton,Union,59,0,0,0,4,4,,,,,,,,,,,0
Cavalry,Pennsylvania,6th,Merritt,Buford,Pleasonton,Union,242,1,11,0,1,13,,,,,,,,,,,0
Cavalry,US,1st,Merritt,Buford,Pleasonton,Union,362,5,8,0,3,16,,,,,,,,,,,0
Cavalry,US,2nd,Merritt,Buford,Pleasonton,Union,407,6,4,0,6,16,,,,,,,,,,,0
Cavalry,US,5th,Merritt,Buford,Pleasonton,Union,306,0,4,0,1,5,,,,,,,,,,,0
Artillery,US,Bty_K_1st ,Buford,Buford,Pleasonton,Union,114,0,1,0,0,1,6,,,,,,,,,,6
Cavalry,Maryland,1st,McIntosh,Gregg,Pleasonton,Union,285,0,2,0,1,3,,,,,,,,,,,0
Cavalry,New Jersey,1st,McIntosh,Gregg,Pleasonton,Union,199,0,9,0,0,9,,,,,,,,,,,0
Cavalry,Pennsylvania,3rd,McIntosh,Gregg,Pleasonton,Union,324,0,7,0,3,10,,,,,,,,,,,0
Cavalry,Maryland,Purnell Legion,McIntosh,Gregg,Pleasonton,Union,66,0,0,0,0,0,,,,,,,,,,,0
Cavalry,Maine,1st,Gregg_J,Gregg,Pleasonton,Union,315,1,4,0,0,5,,,,,,,,,,,0
Cavalry,New York,10th,Gregg_J,Gregg,Pleasonton,Union,324,0,0,0,0,0,,,,,,,,,,,0
Cavalry,Pennsylvania,16th,Gregg_J,Gregg,Pleasonton,Union,349,0,4,0,0,4,,,,,,,,,,,0
Artillery,US,Bty_EandG_1st,Gregg ,Gregg,Pleasonton,Union,42,0,2,0,0,2,,,,,4,,,,,,4
Cavalry,New York,5th,Farnsworth,Kilpatrick,Pleasonton,Union,420,1,1,4,1,7,,,,,,,,,,,0
Cavalry,Pennsylvania,18th,Farnsworth,Kilpatrick,Pleasonton,Union,509,3,4,2,5,14,,,,,,,,,,,0
Cavalry,Vermont,1st,Farnsworth,Kilpatrick,Pleasonton,Union,600,15,28,20,2,65,,,,,,,,,,,0
Cavalry,West Virginia,1st,Farnsworth,Kilpatrick,Pleasonton,Union,395,4,6,1,3,14,,,,,,,,,,,0
Artillery,US,Bty_E_4th,Farnsworth,Kilpatrick,Pleasonton,Union,61,1,0,0,0,1,4,,,,,,,,,,4
Cavalry,Michigan,1st,Custer,Kilpatrick,Pleasonton,Union,426,10,43,0,20,73,,,,,,,,,,,0
Cavalry,Michigan,5th,Custer,Kilpatrick,Pleasonton,Union,646,8,30,0,18,56,,,,,,,,,,,0
Cavalry,Michigan,6th,Custer,Kilpatrick,Pleasonton,Union,467,1,26,0,1,28,,,,,,,,,,,0
Cavalry,Michigan,7th,Custer,Kilpatrick,Pleasonton,Union,377,13,38,0,39,90,,,,,,,,,,,0
Artillery,US,Bty_M_2nd,Custer,Kilpatrick,Pleasonton,Union,117,0,1,0,0,1,6,,,,,,,,,,6
Artillery,Michigan,Bty_9th_Light,Robertson,Horse_Artillery,Pleasonton,Union,111,1,5,0,0,6,6,,,,,,,,,,6
Artillery,New York,Bty_6th_Light,Robertson,Horse_Artillery,Pleasonton,Union,103,0,1,0,0,1,6,,,,,,,,,,6
Artillery,US,Bty_BandL_2nd_Light,Robertson,Horse_Artillery,Pleasonton,Union,99,0,0,0,0,0,6,,,,,,,,,,6
Artillery,US,Bty_H_1st_Light,Ransom,Artillery_Reserve,Tyler,Union,129,2,7,0,1,10,,,,,6,,,,,,6
Artillery,US,Bty_FandK_3rd_Light,Ransom,Artillery_Reserve,Tyler,Union,115,11,12,0,1,24,,,,,6,,,,,,6
Artillery,US,Bty_C_4th_Light,Ransom,Artillery_Reserve,Tyler,Union,95,3,15,0,0,18,,,,,6,,,,,,6
Artillery,US,Bty_C_5th_Light,Ransom,Artillery_Reserve,Tyler,Union,104,4,13,0,0,17,,,,,6,,,,,,6
Artillery,Massachusetts,Bty_E_5th_Light,McGilvery,Artillery_Reserve,Tyler,Union,104,7,11,0,0,18,6,,,,,,,,,,6
Artillery,Massachusetts,Bty_9th_Light,McGilvery,Artillery_Reserve,Tyler,Union,104,11,18,1,0,30,,,,,6,,,,,,6
Artillery,New York,Bty_15th_Light,McGilvery,Artillery_Reserve,Tyler,Union,70,4,10,0,0,14,,,,,4,,,,,,4
Artillery,Pennsylvania,Bty_CandF_1st_Light,McGilvery,Artillery_Reserve,Tyler,Union,105,5,19,0,3,27,6,,,,,,,,,,6
Artillery,Connecticut,Bty_2nd _Light,Taft,Artillery_Reserve,Tyler,Union,93,0,3,0,2,5,,,,2,,,,,,4,6
Artillery,New York,Bty_5th_Light,Taft,Artillery_Reserve,Tyler,Union,146,3,1,0,0,4,,,,,,,,6,,,6
Artillery,New Hampshire,Bty_1st_Light,Huntington,Artillery_Reserve,Tyler,Union,86,0,2,0,0,2,4,,,,,,,,,,4
Artillery,Ohio,Bty_H_1st_Light,Huntington,Artillery_Reserve,Tyler,Union,99,3,7,0,0,10,6,,,,,,,,,,6
Artillery,Pennsylvania,Bty_FandG_1st_Light,Huntington,Artillery_Reserve,Tyler,Union,144,9,10,1,1,21,6,,,,,,,,,,6
Artillery,West Virginia,Bty_C_Light,Huntington,Artillery_Reserve,Tyler,Union,100,2,2,0,0,4,,,4,,,,,,,,4
Artillery,Maine,Bty_F_6th_Light,Fitzhugh,Artillery_Reserve,Tyler,Union,87,0,13,0,0,13,,,,,4,,,,,,4
Artillery,Maryland,Bty_A_1st_Light,Fitzhugh,Artillery_Reserve,Tyler,Union,106,0,0,0,0,0,6,,,,,,,,,,6
Artillery,New Jersey,Bty_A_1st_Light,Fitzhugh,Artillery_Reserve,Tyler,Union,98,8,0,0,0,8,,,6,,,,,,,,6
Artillery,New York,Bty_G_1st_Light,Fitzhugh,Artillery_Reserve,Tyler,Union,84,1,6,0,0,7,,,,,6,,,,,,6
Artillery,New York,Bty_K_1st_Light,Fitzhugh,Artillery_Reserve,Tyler,Union,122,0,7,0,0,7,6,,,,,,,,,,6
Infantry,South Carolina,2nd,Kershaw,McLaws,Longstreet,Confederate,412,53,100,0,17,170,,,,,,,,,,,0
Infantry,South Carolina,3rd,Kershaw,McLaws,Longstreet,Confederate,407,22,59,0,6,87,,,,,,,,,,,0
Infantry,South Carolina,7th,Kershaw,McLaws,Longstreet,Confederate,408,29,79,0,7,115,,,,,,,,,,,0
Infantry,South Carolina,8th,Kershaw,McLaws,Longstreet,Confederate,300,31,74,0,0,105,,,,,,,,,,,0
Infantry,South Carolina,15th,Kershaw,McLaws,Longstreet,Confederate,449,30,96,0,18,144,,,,,,,,,,,0
Infantry,South Carolina,3rd_BN,Kershaw,McLaws,Longstreet,Confederate,203,14,31,0,3,48,,,,,,,,,,,0
Infantry,Mississippi,13th,Barksdale,McLaws,Longstreet,Confederate,481,39,171,0,33,243,,,,,,,,,,,0
Infantry,Mississippi,17th,Barksdale,McLaws,Longstreet,Confederate,468,64,108,0,98,270,,,,,,,,,,,0
Infantry,Mississippi,18th,Barksdale,McLaws,Longstreet,Confederate,242,20,81,0,36,137,,,,,,,,,,,0
Infantry,Mississippi,21st,Barksdale,McLaws,Longstreet,Confederate,424,18,110,0,11,139,,,,,,,,,,,0
Infantry,Georgia,10th,Semmes,McLaws,Longstreet,Confederate,303,17,73,0,11,101,,,,,,,,,,,0
Infantry,Georgia,50th,Semmes,McLaws,Longstreet,Confederate,302,17,65,0,14,96,,,,,,,,,,,0
Infantry,Georgia,51st,Semmes,McLaws,Longstreet,Confederate,303,15,40,0,40,95,,,,,,,,,,,0
Infantry,Georgia,53rd,Semmes,McLaws,Longstreet,Confederate,422,30,61,0,8,99,,,,,,,,,,,0
Infantry,Georgia,16th,Wofford,McLaws,Longstreet,Confederate,303,20,41,0,43,104,,,,,,,,,,,0
Infantry,Georgia,18th,Wofford,McLaws,Longstreet,Confederate,303,3,16,0,17,36,,,,,,,,,,,0
Infantry,Georgia,24th,Wofford,McLaws,Longstreet,Confederate,303,10,29,0,46,85,,,,,,,,,,,0
Infantry,Georgia,Cobb's_Legion,Wofford,McLaws,Longstreet,Confederate,213,6,16,0,,22,,,,,,,,,,,0
Infantry,Georgia,Phillips_Legion,Wofford,McLaws,Longstreet,Confederate,273,6,41,0,19,66,,,,,,,,,,,0
Infantry,Georgia,3rd_BN_Sharpshooters,Wofford,McLaws,Longstreet,Confederate,233,3,3,0,7,13,,,,,,,,,,,0
Artillery,North Carolina,Bty_A_1st ,Cabell,McLaws,Longstreet,Confederate,131,3,10,0,0,13,2,,,,2,,,,,,4
Artillery,Georgia,Bty_Pulaski,Cabell,McLaws,Longstreet,Confederate,63,7,12,0,0,19,2,,2,,,,,,,,4
Artillery,Virginia,Bty_1st_Richmond,Cabell,McLaws,Longstreet,Confederate,90,3,10,0,0,13,2,,,,2,,,,,,4
Artillery,Georgia,Bty_TroupCounty,Cabell,McLaws,Longstreet,Confederate,90,2,5,0,0,7,,,2,2,,,,,,,4
Infantry,Virginia,8th,Garnett,Pickett,Longstreet,Confederate,193,39,79,0,60,178,,,,,,,,,,,0
Infantry,Virginia,18th,Garnett,Pickett,Longstreet,Confederate,312,54,134,0,57,245,,,,,,,,,,,0
Infantry,Virginia,19th,Garnett,Pickett,Longstreet,Confederate,328,42,41,0,68,151,,,,,,,,,,,0
Infantry,Virginia,28th,Garnett,Pickett,Longstreet,Confederate,333,44,65,0,73,182,,,,,,,,,,,0
Infantry,Virginia,56th,Garnett,Pickett,Longstreet,Confederate,289,51,72,0,66,189,,,,,,,,,,,0
Infantry,Virginia,1st,Kemper,Pickett,Longstreet,Confederate,209,27,73,0,13,113,,,,,,,,,,,0
Infantry,Virginia,3rd,Kemper,Pickett,Longstreet,Confederate,322,30,41,0,57,128,,,,,,,,,,,0
Infantry,Virginia,7th,Kemper,Pickett,Longstreet,Confederate,335,31,82,0,36,149,,,,,,,,,,,0
Infantry,Virginia,11th,Kemper,Pickett,Longstreet,Confederate,359,34,86,0,26,146,,,,,,,,,,,0
Infantry,Virginia,24th,Kemper,Pickett,Longstreet,Confederate,395,47,83,0,33,163,,,,,,,,,,,0
Infantry,Virginia,9th,Armistead,Pickett,Longstreet,Confederate,257,24,70,0,83,177,,,,,,,,,,,0
Infantry,Virginia,14th,Armistead,Pickett,Longstreet,Confederate,422,58,104,0,88,250,,,,,,,,,,,0
Infantry,Virginia,38th,Armistead,Pickett,Longstreet,Confederate,356,40,112,0,42,194,,,,,,,,,,,0
Infantry,Virginia,53rd,Armistead,Pickett,Longstreet,Confederate,435,34,101,0,78,213,,,,,,,,,,,0
Infantry,Virginia,57th,Armistead,Pickett,Longstreet,Confederate,476,57,136,0,56,249,,,,,,,,,,,0
Artillery,Virginia,Bty_Fauquier,Dearing,Pickett,Longstreet,Confederate,135,1,4,0,0,5,,,,,4,,,2,,,6
Artillery,Virginia,Bty_Hampden,Dearing,Pickett,Longstreet,Confederate,90,0,3,0,1,4,1,,1,,2,,,,,,4
Artillery,Virginia,Bty_Fayette,Dearing,Pickett,Longstreet,Confederate,90,3,1,0,1,5,,,2,,2,,,,,,4
Artillery,Virginia,Bty_Lynchburg,Dearing,Pickett,Longstreet,Confederate,96,5,3,0,2,10,,,,,4,,,,,,4
Infantry,Alabama,4th,Law,Hood,Longstreet,Confederate,346,18,55,0,19,92,,,,,,,,,,,0
Infantry,Alabama,15th,Law,Hood,Longstreet,Confederate,499,18,77,0,83,178,,,,,,,,,,,0
Infantry,Alabama,44th,Law,Hood,Longstreet,Confederate,363,25,58,0,5,88,,,,,,,,,,,0
Infantry,Alabama,47th,Law,Hood,Longstreet,Confederate,347,10,46,0,13,69,,,,,,,,,,,0
Infantry,Alabama,48th,Law,Hood,Longstreet,Confederate,374,8,51,0,17,76,,,,,,,,,,,0
Infantry,Arkansas,3rd,Robertson,Hood,Longstreet,Confederate,479,41,101,,40,182,,,,,,,,,,,0
Infantry,Texas,1st,Robertson,Hood,Longstreet,Confederate,426,29,46,0,22,97,,,,,,,,,,,0
Infantry,Texas,4th,Robertson,Hood,Longstreet,Confederate,415,28,53,0,31,112,,,,,,,,,,,0
Infantry,Texas,5th,Robertson,Hood,Longstreet,Confederate,409,54,112,0,45,211,,,,,,,,,,,0
Infantry,Georgia,7th,Anderson,Hood,Longstreet,Confederate,377,5,10,0,6,21,,,,,,,,,,,0
Infantry,Georgia,8th,Anderson,Hood,Longstreet,Confederate,312,36,103,0,29,168,,,,,,,,,,,0
Infantry,Georgia,9th,Anderson,Hood,Longstreet,Confederate,340,34,123,0,32,189,,,,,,,,,,,0
Infantry,Georgia,11th,Anderson,Hood,Longstreet,Confederate,309,40,156,0,5,201,,,,,,,,,,,0
Infantry,Georgia,59th,Anderson,Hood,Longstreet,Confederate,525,37,75,0,30,142,,,,,,,,,,,0
Infantry,Georgia,2nd,Benning,Hood,Longstreet,Confederate,348,26,66,0,11,103,,,,,,,,,,,0
Infantry,Georgia,15th,Benning,Hood,Longstreet,Confederate,368,14,58,0,99,171,,,,,,,,,,,0
Infantry,Georgia,17th,Benning,Hood,Longstreet,Confederate,350,31,66,0,11,108,,,,,,,,,,,0
Infantry,Georgia,20th,Benning,Hood,Longstreet,Confederate,350,25,84,0,28,137,,,,,,,,,,,0
Artillery,North Carolina,Bty_Branch,Henry,Hood,Longstreet,Confederate,112,1,2,0,0,3,,,,1,3,1,,,,,5
Artillery,South Carolina,Bty_German,Henry,Hood,Longstreet,Confederate,71,,,,,,,,,,4,,,,,,4
Artillery,South Carolina,Bty_Palmetto,Henry,Hood,Longstreet,Confederate,63,2,5,0,0,7,,,2,,2,,,,,,4
Artillery,North Carolina,Bty_Rowan,Henry,Hood,Longstreet,Confederate,148,2,4,0,0,6,2,,2,,2,,,,,,6
Artillery,Virginia,Bty_Ashland,Alexander,Walton,Longstreet,Confederate,103,3,24,0,1,28,,,,,2,,,2,,,4
Artillery,Virginia,Bty_Bedford,Alexander,Walton,Longstreet,Confederate,78,1,7,0,1,9,4,,,,,,,,,,4
Artillery,South Carolina,Bty_Brooks,Alexander,Walton,Longstreet,Confederate,71,7,29,0,0,36,,,,4,,,,,,,4
Artillery,Louisiana,Bty_Madison,Alexander,Walton,Longstreet,Confederate,135,4,29,0,0,33,,,,,,,4,,,,4
Artillery,Virginia,Bty_Bath,Alexander,Walton,Longstreet,Confederate,90,4,8,0,1,13,,,,,4,,,,,,4
Artillery,Virginia,Bty_Parker,Alexander,Walton,Longstreet,Confederate,90,3,14,0,1,18,3,,1,,,,,,,,4
Artillery,Louisiana,Bty_1st ,Eshleman,Walton,Longstreet,Confederate,77,1,0,0,3,4,,,,,1,,,,,,1
Artillery,Louisiana,Bty_2nd ,Eshleman,Walton,Longstreet,Confederate,80,2,3,0,1,6,,,,1,2,,,,,,3
Artillery,Louisiana,Bty_3rd ,Eshleman,Walton,Longstreet,Confederate,92,5,2,0,3,10,,,,,3,,,,,,3
Artillery,Louisiana,Bty_4th ,Eshleman,Walton,Longstreet,Confederate,80,0,6,0,4,10,,,,1,2,,,,,,3
Infantry,Louisiana,5th,Hays,Early,Ewell,Confederate,196,7,30,0,30,67,,,,,,,,,,,0
Infantry,Louisiana,6th,Hays,Early,Ewell,Confederate,218,8,32,0,21,61,,,,,,,,,,,0
Infantry,Louisiana,7th,Hays,Early,Ewell,Confederate,235,13,40,0,5,58,,,,,,,,,,,0
Infantry,Louisiana,8th,Hays,Early,Ewell,Confederate,296,14,50,0,11,75,,,,,,,,,,,0
Infantry,Louisiana,9th,Hays,Early,Ewell,Confederate,347,19,35,0,19,73,,,,,,,,,,,0
Infantry,Virginia,31st,Smith,Early,Ewell,Confederate,267,19,16,0,24,59,,,,,,,,,,,0
Infantry,Virginia,49th,Smith,Early,Ewell,Confederate,281,18,73,0,9,100,,,,,,,,,,,0
Infantry,Virginia,52nd,Smith,Early,Ewell,Confederate,254,9,26,0,19,54,,,,,,,,,,,0
Infantry,North Carolina,6th,Avery,Early,Ewell,Confederate,509,47,118,0,43,208,,,,,,,,,,,0
Infantry,North Carolina,21st,Avery,Early,Ewell,Confederate,436,27,76,0,36,139,,,,,,,,,,,0
Infantry,North Carolina,57th,Avery,Early,Ewell,Confederate,297,16,29,0,41,86,,,,,,,,,,,0
Infantry,Georgia,13th,Gordon,Early,Ewell,Confederate,312,37,75,0,25,137,,,,,,,,,,,0
Infantry,Georgia,26th,Gordon,Early,Ewell,Confederate,315,2,13,0,17,32,,,,,,,,,,,0
Infantry,Georgia,31st,Gordon,Early,Ewell,Confederate,252,13,44,0,8,65,,,,,,,,,,,0
Infantry,Georgia,38th,Gordon,Early,Ewell,Confederate,341,18,62,0,53,133,,,,,,,,,,,0
Infantry,Georgia,60th,Gordon,Early,Ewell,Confederate,299,12,28,0,19,59,,,,,,,,,,,0
Infantry,Georgia,61st,Gordon,Early,Ewell,Confederate,288,30,75,0,6,111,,,,,,,,,,,0
Artillery,Virginia,Bty_Charlottesville,Jones,Early,Ewell,Confederate,71,0,0,0,2,2,,,,,4,,,,,,4
Artillery,Virginia,Bty_Courtney,Jones,Early,Ewell,Confederate,90,0,0,0,2,2,,,,,4,,,,,,4
Artillery,Louisiana,Bty_Guard,Jones,Early,Ewell,Confederate,60,2,5,0,0,7,2,,2,,,,,,,,4
Artillery,Virginia,Bty_Staunton,Jones,Early,Ewell,Confederate,60,0,1,0,0,1,,,,,4,,,,,,4
Infantry,Maryland,1st_Bn,Steuart,Johnson,Ewell,Confederate,400,56,118,0,15,189,,,,,,,,,,,0
Infantry,North Carolina,1st,Steuart,Johnson,Ewell,Confederate,377,14,40,0,97,151,,,,,,,,,,,0
Infantry,North Carolina,3rd,Steuart,Johnson,Ewell,Confederate,548,48,140,0,30,218,,,,,,,,,,,0
Infantry,Virginia,10th,Steuart,Johnson,Ewell,Confederate,276,8,17,0,52,77,,,,,,,,,,,0
Infantry,Virginia,23rd,Steuart,Johnson,Ewell,Confederate,251,3,15,0,18,36,,,,,,,,,,,0
Infantry,Virginia,37th,Steuart,Johnson,Ewell,Confederate,264,20,55,0,23,98,,,,,,,,,,,0
Infantry,Virginia,2nd,Walker,Johnson,Ewell,Confederate,333,3,12,0,10,25,,,,,,,,,,,0
Infantry,Virginia,4th,Walker,Johnson,Ewell,Confederate,257,18,63,0,56,137,,,,,,,,,,,0
Infantry,Virginia,5th,Walker,Johnson,Ewell,Confederate,345,14,43,0,11,68,,,,,,,,,,,0
Infantry,Virginia,27th,Walker,Johnson,Ewell,Confederate,148,11,29,0,8,48,,,,,,,,,,,0
Infantry,Virginia,33rd,Walker,Johnson,Ewell,Confederate,236,19,36,0,15,70,,,,,,,,,,,0
Infantry,Louisiana,1st,Nicholls,Johnson,Ewell,Confederate,172,11,28,0,,39,,,,,,,,,,,0
Infantry,Louisiana,2nd,Nicholls,Johnson,Ewell,Confederate,236,15,47,0,,62,,,,,,,,,,,0
Infantry,Louisiana,10th,Nicholls,Johnson,Ewell,Confederate,226,22,69,0,19,110,,,,,,,,,,,0
Infantry,Louisiana,14th,Nicholls,Johnson,Ewell,Confederate,281,15,50,0,,65,,,,,,,,,,,0
Infantry,Louisiana,15th,Nicholls,Johnson,Ewell,Confederate,186,3,35,0,,38,,,,,,,,,,,0
Infantry,Virginia,21st,Jones,Johnson,Ewell,Confederate,183,8,32,0,10,50,,,,,,,,,,,0
Infantry,Virginia,25th,Jones,Johnson,Ewell,Confederate,280,9,54,0,7,70,,,,,,,,,,,0
Infantry,Virginia,42nd,Jones,Johnson,Ewell,Confederate,252,16,47,0,26,89,,,,,,,,,,,0
Infantry,Virginia,44th,Jones,Johnson,Ewell,Confederate,227,19,16,0,24,59,,,,,,,,,,,0
Infantry,Virginia,48th,Jones,Johnson,Ewell,Confederate,252,20,38,0,29,87,,,,,,,,,,,0
Infantry,Virginia,50th,Jones,Johnson,Ewell,Confederate,252,16,66,0,17,99,,,,,,,,,,,0
Artillery,Maryland,Bty_1st,Andrews,Johnson,Ewell,Confederate,90,1,4,0,0,5,,,,,4,,,,,,4
Artillery,Virginia,Bty_AlleghanyRough,Andrews,Johnson,Ewell,Confederate,91,10,14,0,24,,2,,,,2,,,,,,4
Artillery,Maryland,Bty_Chesapeake,Andrews,Johnson,Ewell,Confederate,76,8,9,0,0,17,,,4,,,,,,,,4
Artillery,Virginia,Bty_Lee,Andrews,Johnson,Ewell,Confederate,90,2,2,0,0,4,1,,1,,,,,2,,,4
Infantry,North Carolina,32nd,Daniel,Rodes,Ewell,Confederate,465,39,111,0,31,181,,,,,,,,,,,0
Infantry,North Carolina,43rd,Daniel,Rodes,Ewell,Confederate,583,40,116,0,31,187,,,,,,,,,,,0
Infantry,North Carolina,45th,Daniel,Rodes,Ewell,Confederate,460,63,156,0,,219,,,,,,,,,,,0
Infantry,North Carolina,53rd,Daniel,Rodes,Ewell,Confederate,409,45,132,0,34,211,,,,,,,,,,,0
Infantry,North Carolina,2nd_Bn,Daniel,Rodes,Ewell,Confederate,240,46,78,0,75,,,,,,,,,,,,0
Infantry,Georgia,4th,Doles,Rodes,Ewell,Confederate,341,12,26,0,15,53,,,,,,,,,,,0
Infantry,Georgia,12th,Doles,Rodes,Ewell,Confederate,327,12,28,0,13,53,,,,,,,,,,,0
Infantry,Georgia,21st,Doles,Rodes,Ewell,Confederate,287,4,11,0,23,38,,,,,,,,,,,0
Infantry,Georgia,44th,Doles,Rodes,Ewell,Confederate,364,18,41,0,16,75,,,,,,,,,,,0
Infantry,North Carolina,5th,Iverson,Rodes,Ewell,Confederate,473,64,125,0,100,289,,,,,,,,,,,0
Infantry,North Carolina,12th,Iverson,Rodes,Ewell,Confederate,219,12,60,0,7,79,,,,,,,,,,,0
Infantry,North Carolina,20th,Iverson,Rodes,Ewell,Confederate,372,41,94,0,118,253,,,,,,,,,,,0
Infantry,North Carolina,23rd,Iverson,Rodes,Ewell,Confederate,316,65,120,0,97,282,,,,,,,,,,,0
Infantry,North Carolina,2nd,Ramseur,Rodes,Ewell,Confederate,243,9,37,0,31,77,,,,,,,,,,,0
Infantry,North Carolina,4th,Ramseur,Rodes,Ewell,Confederate,196,10,29,0,30,69,,,,,,,,,,,0
Infantry,North Carolina,14th,Ramseur,Rodes,Ewell,Confederate,306,9,42,0,13,64,,,,,,,,,,,0
Infantry,North Carolina,30th,Ramseur,Rodes,Ewell,Confederate,276,11,41,0,23,75,,,,,,,,,,,0
Infantry,Alabama,3rd,Oneal,Rodes,Ewell,Confederate,350,17,74,0,,91,,,,,,,,,,,0
Infantry,Alabama,5th,Oneal,Rodes,Ewell,Confederate,317,26,116,0,67,209,,,,,,,,,,,0
Infantry,Alabama,6th,Oneal,Rodes,Ewell,Confederate,382,15,62,0,88,165,,,,,,,,,,,0
Infantry,Alabama,12th,Oneal,Rodes,Ewell,Confederate,317,17,66,0,,83,,,,,,,,,,,0
Infantry,Alabama,26th,Oneal,Rodes,Ewell,Confederate,319,8,57,0,65,130,,,,,,,,,,,0
Artillery,Alabama,Bty_Jeff.Davis,Carter,Rodes,Ewell,Confederate,79,0,0,0,0,0,4,,,,,,,,,,4
Artillery,Virginia,Bty_King.William,Carter,Rodes,Ewell,Confederate,103,5,3,0,2,10,,,2,,2,,,,,,4
Artillery,Virginia,Bty_Morris,Carter,Rodes,Ewell,Confederate,114,5,18,0,0,23,,,,,4,,,,,,4
Artillery,Virginia,Bty_Orange,Carter,Rodes,Ewell,Confederate,80,1,1,0,2,4,2,,2,,,,,,,,4
Artillery,Virginia,Bty_2nd_Richmond,Dance,Brown,Ewell,Confederate,64,2,1,0,0,3,,,4,,,,,,,,4
Artillery,Virginia,Bty_3rd_Richmond,Dance,Brown,Ewell,Confederate,62,1,1,0,2,4,4,,,,,,,,,,4
Artillery,Virginia,Bty_Powhatan,Dance,Brown,Ewell,Confederate,78,0,0,0,0,0,4,,,,,,,,,,4
Artillery,Virginia,Bty_Rockbridge,Dance,Brown,Ewell,Confederate,85,0,20,0,0,20,,,,,,,,4,,,4
Artillery,Virginia,Bty_Salem,Dance,Brown,Ewell,Confederate,66,0,2,0,3,5,2,,,,2,,,,,,4
Artillery,Virginia,Bty_Amherst,Nelson,Brown,Ewell,Confederate,105,0,0,0,0,0,1,,,,3,,,,,,4
Artillery,Virginia,Bty_Fluvanna,Nelson,Brown,Ewell,Confederate,90,0,1,0,0,1,1,,,,3,,,,,,4
Artillery,Georgia,Bty_Georgia,Nelson,Brown,Ewell,Confederate,73,0,0,0,0,0,2,,1,,,,,,,,3
Infantry,Alabama,8th,Wilcox,Anderson,Hill,Confederate,477,40,146,0,80,266,,,,,,,,,,,0
Infantry,Alabama,9th,Wilcox,Anderson,Hill,Confederate,306,8,32,0,76,116,,,,,,,,,,,0
Infantry,Alabama,10th,Wilcox,Anderson,Hill,Confederate,311,15,89,0,,104,,,,,,,,,,,0
Infantry,Alabama,11th,Wilcox,Anderson,Hill,Confederate,311,7,68,0,,75,,,,,,,,,,,0
Infantry,Alabama,14th,Wilcox,Anderson,Hill,Confederate,316,8,40,0,,48,,,,,,,,,,,0
Infantry,Virginia,6th,Mahone,Anderson,Hill,Confederate,288,0,4,0,7,11,,,,,,,,,,,0
Infantry,Virginia,12th,Mahone,Anderson,Hill,Confederate,348,3,11,0,8,22,,,,,,,,,,,0
Infantry,Virginia,16th,Mahone,Anderson,Hill,Confederate,270,2,15,0,5,22,,,,,,,,,,,0
Infantry,Virginia,41st,Mahone,Anderson,Hill,Confederate,276,11,11,0,0,22,,,,,,,,,,,0
Infantry,Virginia,61st,Mahone,Anderson,Hill,Confederate,356,5,10,0,10,25,,,,,,,,,,,0
Infantry,Georgia,3rd,Wright,Anderson,Hill,Confederate,411,49,139,0,31,219,,,,,,,,,,,0
Infantry,Georgia,22nd,Wright,Anderson,Hill,Confederate,400,41,70,0,60,171,,,,,,,,,,,0
Infantry,Georgia,48th,Wright,Anderson,Hill,Confederate,395,70,97,0,57,224,,,,,,,,,,,0
Infantry,Georgia,2nd_Bn,Wright,Anderson,Hill,Confederate,173,24,37,0,21,82,,,,,,,,,,,0
Infantry,Florida,2nd,Lang,Anderson,Hill,Confederate,242,24,71,0,49,144,,,,,,,,,,,0
Infantry,Florida,5th,Lang,Anderson,Hill,Confederate,321,39,77,0,70,186,,,,,,,,,,,0
Infantry,Florida,8th,Lang,Anderson,Hill,Confederate,176,17,80,0,28,125,,,,,,,,,,,0
Infantry,Mississippi,12th,Posey,Anderson,Hill,Confederate,305,1,11,0,1,13,,,,,,,,,,,0
Infantry,Mississippi,16th,Posey,Anderson,Hill,Confederate,385,3,16,0,7,26,,,,,,,,,,,0
Infantry,Mississippi,19th,Posey,Anderson,Hill,Confederate,372,5,26,0,3,34,,,,,,,,,,,0
Infantry,Mississippi,48th,Posey,Anderson,Hill,Confederate,256,6,27,0,6,39,,,,,,,,,,,0
Artillery,South Carolina,Bty_A_Sumter,Lane,Anderson,Hill,Confederate,130,1,11,0,1,13,1,,3,1,1,,,,,,6
Artillery,South Carolina,Bty_B_Sumter,Lane,Anderson,Hill,Confederate,124,2,6,0,1,9,,,,4,2,,,,,,6
Artillery,South Carolina,Bty_C_Sumter,Lane,Anderson,Hill,Confederate,121,0,18,0,2,20,3,,2,,,,,,,,5
Infantry,North Carolina,11th,Pettigrew,Heth,Hill,Confederate,617,108,200,0,58,366,,,,,,,,,,,0
Infantry,North Carolina,26th,Pettigrew,Heth,Hill,Confederate,843,172,443,0,72,687,,,,,,,,,,,0
Infantry,North Carolina,47th,Pettigrew,Heth,Hill,Confederate,567,53,159,0,5,217,,,,,,,,,,,0
Infantry,North Carolina,52nd,Pettigrew,Heth,Hill,Confederate,553,77,175,0,94,346,,,,,,,,,,,0
Infantry,Virginia,40th,Brockenbrough,Heth,Hill,Confederate,253,10,37,0,18,65,,,,,,,,,,,0
Infantry,Virginia,47th,Brockenbrough,Heth,Hill,Confederate,209,12,22,0,30,64,,,,,,,,,,,0
Infantry,Virginia,55th,Brockenbrough,Heth,Hill,Confederate,268,13,32,0,19,64,,,,,,,,,,,0
Infantry,Virginia,22nd_Bn,Brockenbrough,Heth,Hill,Confederate,237,6,15,0,10,31,,,,,,,,,,,0
Infantry,Alabama,13th,Archer,Heth,Hill,Confederate,308,11,46,0,157,214,,,,,,,,,,,0
Infantry,Alabama,5th_Bn,Archer,Heth,Hill,Confederate,135,3,30,0,15,48,,,,,,,,,,,0
Infantry,Tennessee,1st,Archer,Heth,Hill,Confederate,281,16,67,0,95,178,,,,,,,,,,,0
Infantry,Tennessee,7th,Archer,Heth,Hill,Confederate,249,24,38,0,54,116,,,,,,,,,,,0
Infantry,Tennessee,14th,Archer,Heth,Hill,Confederate,220,15,37,0,75,127,,,,,,,,,,,0
Infantry,Mississippi,2nd,Davis,Heth,Hill,Confederate,492,56,176,0,0,232,,,,,,,,,,,0
Infantry,Mississippi,11th,Davis,Heth,Hill,Confederate,592,102,168,0,42,312,,,,,,,,,,,0
Infantry,Mississippi,42nd,Davis,Heth,Hill,Confederate,575,75,190,0,0,265,,,,,,,,,,,0
Infantry,North Carolina,55th,Davis,Heth,Hill,Confederate,640,74,183,0,158,415,,,,,,,,,,,0
Artillery,Louisiana,Bty_Donaldsville,Garnett,Heth,Hill,Confederate,114,0,2,0,4,6,2,,1,,,,,,,,3
Artillery,Virginia,Bty_Huger,Garnett,Heth,Hill,Confederate,77,,,,,,1,,1,,2,,,,,,4
Artillery,Virginia,Bty_Pittsylvania,Garnett,Heth,Hill,Confederate,90,,,,,,2,,,,2,,,,,,4
Artillery,Virginia,Bty_Norfolk_Light,Garnett,Heth,Hill,Confederate,106,0,1,0,1,2,2,,,2,,,,,,,4
Infantry,South Carolina,1st,Perrin,Pender,Hill,Confederate,328,19,94,0,2,115,,,,,,,,,,,0
Infantry,South Carolina,1st_Rifles,Perrin,Pender,Hill,Confederate,366,2,5,0,0,7,,,,,,,,,,,0
Infantry,South Carolina,12th,Perrin,Pender,Hill,Confederate,366,20,105,0,4,129,,,,,,,,,,,0
Infantry,South Carolina,13th,Perrin,Pender,Hill,Confederate,390,35,105,0,4,144,,,,,,,,,,,0
Infantry,South Carolina,14th,Perrin,Pender,Hill,Confederate,428,26,220,0,6,252,,,,,,,,,,,0
Infantry,North Carolina,7th,Lane,Pender,Hill,Confederate,291,32,66,0,61,159,,,,,,,,,,,0
Infantry,North Carolina,18th,Lane,Pender,Hill,Confederate,346,16,38,0,34,88,,,,,,,,,,,0
Infantry,North Carolina,28th,Lane,Pender,Hill,Confederate,346,65,135,0,37,237,,,,,,,,,,,0
Infantry,North Carolina,33rd,Lane,Pender,Hill,Confederate,368,30,54,0,38,122,,,,,,,,,,,0
Infantry,North Carolina,37th,Lane,Pender,Hill,Confederate,379,35,83,0,58,176,,,,,,,,,,,0
Infantry,Georgia,14th,Thomas,Pender,Hill,Confederate,305,6,27,0,11,44,,,,,,,,,,,0
Infantry,Georgia,35th,Thomas,Pender,Hill,Confederate,305,11,37,0,42,90,,,,,,,,,,,0
Infantry,Georgia,45th,Thomas,Pender,Hill,Confederate,305,5,32,0,8,45,,,,,,,,,,,0
Infantry,Georgia,49th,Thomas,Pender,Hill,Confederate,329,12,31,0,42,85,,,,,,,,,,,0
Infantry,North Carolina,13th,Scales,Pender,Hill,Confederate,232,55,98,0,26,179,,,,,,,,,,,0
Infantry,North Carolina,16th,Scales,Pender,Hill,Confederate,321,24,61,0,38,123,,,,,,,,,,,0
Infantry,North Carolina,22nd,Scales,Pender,Hill,Confederate,267,37,79,0,50,166,,,,,,,,,,,0
Infantry,North Carolina,34th,Scales,Pender,Hill,Confederate,311,19,55,0,30,104,,,,,,,,,,,0
Infantry,North Carolina,38th,Scales,Pender,Hill,Confederate,216,40,63,0,27,130,,,,,,,,,,,0
Artillery,Virginia,Bty_Albemarle,Poague,Pender,Hill,Confederate,94,0,12,0,1,13,2,,1,1,,,,,,,4
Artillery,North Carolina,Bty_Charlotte ,Poague,Pender,Hill,Confederate,125,0,0,0,5,5,,,,2,2,,,,,,4
Artillery,Mississippi,Bty_Madison,Poague,Pender,Hill,Confederate,91,,,,,,,,,1,3,,,,,,4
Artillery,Virginia,Bty_Warrenton,Poague,Pender,Hill,Confederate,58,1,2,0,2,5,,,,2,2,,,,,,4
Artillery,Virginia,Bty_Danville,McIntosh,Walker,Pendleton,Confederate,114,0,1,0,1,2,,,,,4,,,,,,4
Artillery,Alabama,Bty_Hardaway,McIntosh,Walker,Pendleton,Confederate,71,0,4,0,4,8,2,,,,,,,,2,,4
Artillery,Virginia,Bty_2nd_Rockbridge,McIntosh,Walker,Pendleton,Confederate,67,3,7,0,0,10,4,,,,,,,,,,4
Artillery,Virginia,Bty_Johnson,McIntosh,Walker,Pendleton,Confederate,96,5,1,0,4,10,2,,,,2,,,,,,4
Artillery,Virginia,Bty_Richmond,Pegram,Walker,Pendleton,Confederate,76,1,14,0,0,15,,,,2,2,,,,,,4
Artillery,Virginia,Bty_Fredericksburg,Pegram,Walker,Pendleton,Confederate,71,2,0,0,0,2,,,2,,2,,,,,,4
Artillery,Virginia,Bty_Letcher,Pegram,Walker,Pendleton,Confederate,65,3,11,0,3,17,,,2,,2,,,,,,4
Artillery,South Carolina,Bty_PeeDee,Pegram,Walker,Pendleton,Confederate,65,2,7,0,0,9,4,,,,,,,,,,4
Artillery,Virginia,Bty_Purcell,Pegram,Walker,Pendleton,Confederate,89,1,5,0,0,6,,,,,4,,,,,,4
Cavalry,North Carolina,1st,Hampton,Stuart,Stuart,Confederate,407,2,17,0,25,44,,,,,,,,,,,0
Cavalry,South Carolina,1st,Hampton,Stuart,Stuart,Confederate,339,1,9,0,4,14,,,,,,,,,,,0
Cavalry,South Carolina,2nd,Hampton,Stuart,Stuart,Confederate,186,2,5,0,0,7,,,,,,,,,,,0
Cavalry,Georgia,Cobb's_Legion,Hampton,Stuart,Stuart,Confederate,325,3,0,2,1,6,,,,,,,,,,,0
Cavalry,Mississippi,JeffDavis_Legion,Hampton,Stuart,Stuart,Confederate,245,4,10,0,1,15,,,,,,,,,,,0
Cavalry,Georgia,Phillips_Legion,Hampton,Stuart,Stuart,Confederate,238,3,7,0,0,10,,,,,,,,,,,0
Cavalry,Virginia,1st,Fitz_Lee,Stuart,Stuart,Confederate,359,6,7,0,10,23,,,,,,,,,,,0
Cavalry,Virginia,2nd,Fitz_Lee,Stuart,Stuart,Confederate,448,3,6,0,10,19,,,,,,,,,,,0
Cavalry,Virginia,3rd,Fitz_Lee,Stuart,Stuart,Confederate,247,1,8,0,0,9,,,,,,,,,,,0
Cavalry,Virginia,4th,Fitz_Lee,Stuart,Stuart,Confederate,628,0,1,0,32,33,,,,,,,,,,,0
Cavalry,Virginia,5th,Fitz_Lee,Stuart,Stuart,Confederate,150,,,,,,,,,,,,,,,,0
Cavalry,Virginia,14th,Jenkins,Stuart,Stuart,Confederate,267,4,2,0,0,6,,,,,,,,,,,0
Cavalry,Virginia,16th,Jenkins,Stuart,Stuart,Confederate,260,2,2,0,3,7,,,,,,,,,,,0
Cavalry,Virginia,17th,Jenkins,Stuart,Stuart,Confederate,265,0,2,0,6,8,,,,,,,,,,,0
Cavalry,Virginia,34th_Bn,Jenkins,Stuart,Stuart,Confederate,172,,,,,,,,,,,,,,,,0
Cavalry,Virginia,36th_Bn,Jenkins,Stuart,Stuart,Confederate,125,1,0,0,0,1,,,,,,,,,,,0
Artillery,Virginia,Bty_Jackson,Beckham,Stuart,Stuart,Confederate,107,0,5,0,0,5,2,,,2,,,,,,,4
Cavalry,North Carolina,2nd,Chambliss,Stuart,Stuart,Confederate,161,1,2,0,6,9,,,,,,,,,,,0
Cavalry,Virginia,9th,Chambliss,Stuart,Stuart,Confederate,558,2,9,0,7,18,,,,,,,,,,,0
Cavalry,Virginia,10th,Chambliss,Stuart,Stuart,Confederate,265,1,9,0,2,12,,,,,,,,,,,0
Cavalry,Virginia,13th,Chambliss,Stuart,Stuart,Confederate,330,1,11,0,5,17,,,,,,,,,,,0
Artillery,Virginia,Bty_Breathed,Beckham,Stuart,Stuart,Confederate,105,0,1,0,0,1,4,,,,,,,,,,4
Artillery,Virginia,Bty_McGregor,Beckham,Stuart,Stuart,Confederate,52,0,0,0,0,0,,,,,,,,,,,2
